Title,Metascore,Votes (GameFAQs + Metacritic),User score (/5),Lower bound (/5),Popular on RA,Popular on Vimm,Nudged in
Persona 4,90,6756,4.54,4.52,,Yes,
Metal Gear Solid 3: Snake Eater,94,6745,4.44,4.42,Yes,Yes,
Shadow of the Colossus,91,5111,4.40,4.38,Yes,Yes,
Persona 3 FES,,6718,4.38,4.36,Yes,Yes,
Kingdom Hearts II,87,10216,4.37,4.35,,Yes,
Final Fantasy X,92,15348,4.34,4.32,Yes,Yes,
Ōkami,93,2999,4.35,4.32,,Yes,
Silent Hill 2,89,4966,4.34,4.32,Yes,Yes,
Resident Evil 4,96,5789,4.33,4.31,Yes,Yes,
Shin Megami Tensei: Nocturne,82,2817,4.32,4.29,,,
Grand Theft Auto: San Andreas,95,12975,4.29,4.27,Yes,Yes,
God of War II,93,6538,4.28,4.26,Yes,Yes,
Mega Man X Collection,,957,4.30,4.25,,,
Tales of the Abyss,78,2761,4.28,4.25,,Yes,
Dragon Quest VIII: Journey of the Cursed King,89,4682,4.27,4.25,Yes,Yes,
Gran Turismo 4,89,2966,4.27,4.24,Yes,Yes,
Dragon Ball Z: Budokai Tenkaichi 3,73,2348,4.27,4.23,Yes,Yes,
Kingdom Hearts,85,10576,4.23,4.22,Yes,Yes,
Ratchet & Clank: Up Your Arsenal,91,2713,4.25,4.22,Yes,Yes,
Disgaea: Hour of Darkness,84,1838,4.25,4.21,,,
Metal Gear Solid 2: Sons of Liberty,,6439,4.22,4.20,Yes,Yes,
Ratchet & Clank: Going Commando,90,2406,4.23,4.20,Yes,Yes,
Sengoku Basara 2 Eiyū Gaiden,,280,4.29,4.20,,,
Ace Combat 5: The Unsung War,84,893,4.25,4.19,,Yes,
The King of Fighters '98 Ultimate Match,,300,4.27,4.18,,,
Gradius V,82,421,4.25,4.17,,,
Fatal Frame II: Crimson Butterfly,81,957,4.22,4.17,,,
The King of Fighters 2002: Unlimited Match,,272,4.26,4.16,,,
Devil May Cry 3: Dante's Awakening,84,2256,4.20,4.16,Yes,Yes,
Xenosaga Episode III: Also sprach Zarathustra,81,1574,4.20,4.16,,Yes,
Ico,90,2211,4.19,4.16,,Yes,
Star Wars: Battlefront II,84,1997,4.20,4.16,,Yes,
Zone of the Enders: The 2nd Runner,,774,4.22,4.16,,,
Yakuza 2,77,660,4.22,4.16,,,
We Love Katamari,,886,4.21,4.15,,,
God Hand,73,1529,4.19,4.15,Yes,Yes,
Sly 2: Band of Thieves,88,1487,4.19,4.15,Yes,Yes,
Black,79,1531,4.18,4.14,Yes,Yes,
God of War,94,7608,4.16,4.14,Yes,Yes,
Silent Hill 3,85,2859,4.17,4.14,Yes,Yes,
Katamari Damacy,,1360,4.18,4.14,Yes,Yes,
Need for Speed: Most Wanted,82,1504,4.18,4.14,Yes,Yes,
Rockman: Power Battle Fighters,,78,4.31,4.14,,,
.hack//G.U.vol.3//Redemption,,893,4.18,4.13,,,
TimeSplitters: Future Perfect,84,755,4.19,4.13,,,
Mega Man Anniversary Collection,81,814,4.18,4.13,,,
Disgaea 2: Cursed Memories,84,1325,4.17,4.12,,,
Burnout 3: Takedown,93,1489,4.17,4.12,Yes,Yes,
Ace Combat Zero: The Belkan War,,540,4.19,4.12,,,
Suikoden V,76,1741,4.16,4.12,,,
Naruto: Ultimate Ninja 3,75,1035,4.16,4.12,,,
Grand Theft Auto: Vice City,95,7433,4.13,4.11,Yes,Yes,
Tales of Rebirth,,187,4.22,4.11,,,
Jak 3,84,2110,4.14,4.11,,Yes,
Dark Cloud 2,87,2182,4.14,4.11,,Yes,
Fatal Frame III: The Tormented,78,760,4.17,4.11,,,
The King of Fighters XI,,577,4.17,4.11,,,
Naruto Shippuden: Ultimate Ninja 5,,534,4.17,4.11,Yes,,
Klonoa 2: Lunatea's Veil,91,690,4.17,4.11,,,
Shin Megami Tensei: Digital Devil Saga,78,1879,4.14,4.10,,,
Monster Hunter 2,,161,4.22,4.10,,,
Mana Khemia: Alchemists of Al-Revis,69,824,4.14,4.09,,,
Ace Combat 04: Shattered Skies,89,869,4.14,4.09,,Yes,
Tekken 5,88,2391,4.12,4.09,Yes,Yes,
Bully,,2929,4.11,4.09,Yes,Yes,
Burnout Revenge,90,893,4.14,4.09,Yes,Yes,
Warriors Orochi 2,52,528,4.15,4.08,,,
TimeSplitters 2,90,793,4.14,4.08,,,
Street Fighter III: 3rd Strike – Fight for the Future,,175,4.19,4.08,,,
Shin Megami Tensei: Digital Devil Saga 2,78,1260,4.12,4.08,,,
WWE SmackDown! Here Comes The Pain,85,1098,4.12,4.08,Yes,Yes,
Metal Slug Anthology,80,396,4.15,4.08,,,
3rd Super Robot Wars Alpha: To the End of the Galaxy,,132,4.21,4.07,,,
Street Fighter Alpha Anthology,,467,4.15,4.07,,,
Dragon Ball Z: Budokai 3,,1934,4.11,4.07,,,
Ultraman Fighting Evolution 3,,102,4.22,4.07,,,
Jak and Daxter: The Precursor Legacy,90,3025,4.09,4.07,Yes,Yes,
Sly 3: Honor Among Thieves,83,1183,4.11,4.06,,Yes,
Tales of Symphonia,,215,4.17,4.06,,,
Ratchet & Clank,88,2860,4.09,4.06,Yes,Yes,
Warship Gunner 2,,116,4.20,4.06,,,
SD Gundam G Generation Wars,,133,4.19,4.06,,,
Ape Escape 3,77,515,4.12,4.05,Yes,,
Hitman: Blood Money,83,650,4.11,4.05,,,
Samurai Shodown Anthology,,144,4.18,4.05,,,
.hack//G.U.vol.2//Reminisce,,896,4.10,4.05,,,
Virtua Fighter 4: Evolution,94,513,4.12,4.05,,,
Dragon Ball Z: Budokai Tenkaichi 2,73,1333,4.09,4.05,,,
A.C.E.: Another Century's Episode 3: The Final,,87,4.21,4.04,,,
Valkyrie Profile 2: Silmeria,84,1623,4.08,4.04,,,
The King of Fighters 2002,,183,4.16,4.04,,,
Downhill Domination,79,330,4.13,4.04,,,
Onimusha 3: Demon Siege,85,1115,4.09,4.04,,Yes,
Hot Shots Golf Fore!,80,191,4.15,4.03,,,
Samurai Warriors 2: Xtreme Legends (Expansion),58,234,4.13,4.03,,,
Samurai Spirits: Tenkaichi Kenkakuden,,101,4.18,4.03,,,
Mana Khemia 2: Fall of Alchemy,70,566,4.09,4.03,,,
Ghost Rider,54,451,4.10,4.02,,,
Soulcalibur III,86,2314,4.05,4.02,,Yes,
The Warriors,84,515,4.09,4.02,Yes,Yes,
Soulcalibur II,92,1349,4.06,4.02,,Yes,
Melty Blood: Actress Again,,129,4.15,4.01,,,
2nd Super Robot Wars Alpha,,77,4.18,4.01,,,
Ultraman Fighting Evolution Rebirth,,47,4.23,4.01,,,
Rogue Galaxy,83,1754,4.04,4.01,,Yes,
Vampire: Darkstalkers Collection,,64,4.20,4.01,,,
Sonic Mega Collection Plus,73,780,4.06,4.00,,,
Samurai Warriors 2,58,455,4.07,4.00,,,
Shadow Hearts: Covenant,85,1470,4.04,4.00,,,
Ar tonelico II: Melody of Metafalica,71,785,4.05,4.00,,,
Syphon Filter: Logan's Shadow,85,104,4.15,3.99,,,
"Sakura Wars: So Long, My Love",81,264,4.09,3.99,,,
Shin Megami Tensei: Devil Summoner 2: Raidou Kuzunoha vs. King Abaddon,79,788,4.05,3.99,,,
Rez,78,258,4.09,3.99,,,
Final Fantasy XII,92,12288,4.01,3.99,,Yes,
Need for Speed: Underground 2,82,1552,4.03,3.99,Yes,Yes,
.hack//G.U.vol.1//Rebirth,,1071,4.04,3.99,,,
Fatal Frame,74,1004,4.04,3.99,Yes,Yes,
Tekken Tag Tournament,85,1371,4.03,3.99,Yes,,
Prince of Persia: The Sands of Time,92,2021,4.02,3.99,Yes,Yes,
Odin Sphere,83,1263,4.03,3.98,,,
Star Ocean: Till the End of Time,80,3080,4.01,3.98,,,
Monster Hunter,68,551,4.05,3.98,,,
Tokyo Xtreme Racer: 3,63,170,4.10,3.98,,,
Def Jam: Fight for NY,83,759,4.04,3.98,Yes,Yes,
SSX 3,93,611,4.04,3.98,Yes,,
Kidou Senshi Gundam SEED Destiny: Rengou vs. Z.A.F.T. II Plus,,88,4.14,3.98,,,
Sengoku Basara 2,,88,4.14,3.98,,,
Naval Ops: Commander,,41,4.21,3.98,,,
A.C.E.: Another Century's Episode 2,,55,4.18,3.98,,,
Garou: Mark of the Wolves,,117,4.12,3.98,,,
Dynasty Warriors 5,69,875,4.03,3.98,,,
Need For Speed: Hot Pursuit 2,89,842,4.03,3.97,Yes,,
Lego Star Wars II: The Original Trilogy,84,805,4.03,3.97,,,
Sly Cooper and the Thievius Raccoonus,86,1609,4.01,3.97,Yes,Yes,
Gran Turismo 3 A-Spec,95,2163,4.00,3.96,Yes,Yes,
Devil May Cry,94,4712,3.99,3.96,Yes,Yes,
MS Saga: A New Dawn,65,272,4.06,3.96,,,
Nights into Dreams,,42,4.19,3.96,,,
Front Mission 4,75,593,4.03,3.96,,,
SD Gundam G Generation Spirits,,50,4.18,3.96,,,
Hyper Street Fighter II: The Anniversary Edition,,154,4.08,3.96,,,
SSX Tricky,92,514,4.03,3.96,Yes,,
Guilty Gear XX: Accent Core,77,191,4.07,3.96,,,
Ratchet: Deadlocked,81,1494,3.99,3.95,Yes,Yes,
Suikoden III,86,1626,3.99,3.95,,,
Fire Pro Wrestling Returns,78,385,4.03,3.95,,,
Beyond Good & Evil,86,879,4.00,3.95,,,
Yakuza,75,932,4.00,3.95,,,
Soul Nomad & the World Eaters,73,445,4.02,3.95,,,
Wild Arms Alter Code: F,,467,4.02,3.94,,,
Warriors Orochi,55,476,4.02,3.94,,,
Midnight Club 3: DUB Edition,84,385,4.02,3.94,Yes,Yes,
Xenosaga Episode I: Der Wille zur Macht,83,2373,3.97,3.94,,,
Gauntlet: Dark Legacy,73,454,4.01,3.94,,,
SpongeBob SquarePants: Battle for Bikini Bottom,71,632,4.00,3.94,Yes,,
ATV Offroad Fury 4,77,244,4.04,3.94,,,
Tomb Raider: Anniversary,,493,4.01,3.94,,,
Wild Arms 5,71,676,4.00,3.94,,,
The King of Fighters 2000,,102,4.09,3.93,,,
Jak II,87,2311,3.97,3.93,,Yes,
Onimusha: Warlords,86,1152,3.98,3.93,Yes,Yes,
Kamen Rider: Climax Heroes,,68,4.11,3.93,,,
Fatal Fury: Battle Archives Vol. 2,,116,4.07,3.93,,,
Nobunaga's Ambition: Iron Triangle,,96,4.08,3.93,,,
Tales of Destiny Tales of Destiny: Director's Cut (different version),,214,4.03,3.92,,,
Romance of the Three Kingdoms X,,156,4.05,3.92,,,
Melty Blood: Act Cadenza,,76,4.10,3.92,,,
Siren 2,74,179,4.04,3.92,,,
Romance of the Three Kingdoms XI,,151,4.05,3.92,,,
Mobile Suit Gundam: Gundam vs. Zeta Gundam,57,161,4.04,3.92,,,
Star Wars: Battlefront,82,1079,3.97,3.92,,,
Marvel: Ultimate Alliance,81,741,3.98,3.92,,Yes,
Naruto Shippuden: Ultimate Ninja 4,,520,3.99,3.92,,,
SD Gundam G Generation Neo,,34,4.17,3.92,,,
Ar tonelico: Melody of Elemia,71,906,3.97,3.92,,,
The Rumble Fish,,114,4.06,3.92,,,
Rumble Racing,85,145,4.04,3.92,,,
Grand Theft Auto III,97,5982,3.94,3.91,Yes,Yes,
.hack//Quarantine Part 4,,661,3.97,3.91,,,
Shadow of Rome,75,413,3.98,3.90,,,
Kessen III,73,174,4.02,3.90,,,
Tony Hawk's Underground,90,897,3.96,3.90,Yes,Yes,
Mobile Suit Gundam: Federation vs. Zeon,73,245,4.00,3.90,,,
Dynasty Warriors 5: Empires (Expansion),69,382,3.98,3.90,,,
Neo Geo Battle Coliseum,,345,3.98,3.90,,,
Radiata Stories,74,1233,3.94,3.90,,Yes,
OutRun 2006: Coast 2 Coast,81,233,4.00,3.90,,,
WWE SmackDown! Shut Your Mouth,82,612,3.96,3.89,,,
Psychonauts,86,668,3.95,3.89,,,
Mortal Kombat: Shaolin Monks,,1197,3.94,3.89,Yes,Yes,
Prince of Persia: Warrior Within,83,898,3.94,3.89,,,
Time Crisis 3,81,216,3.99,3.89,,,
Grand Theft Auto: Vice City Stories,75,1290,3.93,3.89,Yes,Yes,
Gitaroo Man,82,203,3.99,3.88,,,
Resident Evil Code: Veronica X,,1965,3.92,3.88,Yes,Yes,
Half-Life,87,676,3.94,3.88,Yes,Yes,
Mercenaries: Playground of Destruction,84,552,3.93,3.86,,,
Urban Reign,60,319,3.94,3.86,Yes,,
Spider-Man 2,80,1099,3.90,3.85,Yes,Yes,
Tony Hawk's Pro Skater 4,94,864,3.91,3.85,Yes,,
Scarface: The World Is Yours,75,557,3.92,3.85,Yes,Yes,
Road Trip,80,131,3.99,3.85,,,
X-Men Legends II: Rise of Apocalypse,82,550,3.92,3.85,,,
The Punisher,68,445,3.92,3.84,Yes,Yes,
SOCOM 3 U.S. Navy SEALs,82,321,3.93,3.84,,,
SOCOM II U.S. Navy SEALs,87,351,3.92,3.84,,,
Need for Speed: Carbon,74,917,3.89,3.84,Yes,Yes,
WWE SmackDown vs. Raw 2011,80,305,3.92,3.84,,,
Need for Speed: Underground,85,1247,3.88,3.83,Yes,Yes,
The Lord of the Rings: The Return of the King,85,892,3.88,3.83,Yes,,
Prince of Persia: The Two Thrones,85,887,3.88,3.83,,,
Lego Batman: The Videogame,,528,3.90,3.83,Yes,,
Dark Cloud,80,2067,3.86,3.83,Yes,Yes,
Time Crisis II,81,242,3.92,3.82,,,
Shadow Hearts,73,1355,3.87,3.82,Yes,,
Crash Twinsanity,64,1237,3.87,3.82,Yes,Yes,
Castlevania: Curse of Darkness,74,1109,3.87,3.82,Yes,Yes,
Lego Star Wars: The Video Game,78,903,3.87,3.82,Yes,,
FlatOut 2,73,295,3.91,3.82,,,Yes
WWE SmackDown! vs. RAW 2006,84,793,3.87,3.82,,,
007: Everything or Nothing,84,397,3.89,3.81,,,
Mortal Kombat: Deception,,1089,3.86,3.81,Yes,,
Dead or Alive 2: Hardcore,91,409,3.89,3.81,,,
Hot Shots Golf 3,85,185,3.91,3.80,,,
Onimusha: Dawn of Dreams,81,778,3.86,3.80,,,
Phantom Brave,81,612,3.86,3.80,,,
Burnout 2: Point of Impact,86,444,3.87,3.80,,,
Hitman: Contracts,80,406,3.87,3.79,,,
Soul Reaver 2,80,581,3.85,3.79,,,
Champions of Norrath: Realms of Everquest,85,646,3.85,3.79,,,
Twisted Metal: Black,91,971,3.83,3.78,,Yes,
Space Channel 5: Part 2,79,58,3.98,3.78,,,Yes
Ultimate Spider-Man,74,628,3.84,3.77,Yes,Yes,
Grand Theft Auto: Liberty City Stories,78,1516,3.81,3.77,Yes,Yes,
Baldur's Gate: Dark Alliance,87,975,3.82,3.77,Yes,,
Viewtiful Joe,90,417,3.85,3.77,,,
Peter Jackson's King Kong: The Official Game of the Movie,82,424,3.85,3.77,,,
Deus Ex: The Conspiracy,81,334,3.85,3.77,,,
Medal of Honor: Frontline,88,898,3.82,3.77,,,
Tony Hawk's Pro Skater 3,97,1453,3.78,3.74,Yes,Yes,
Psi-Ops: The Mindgate Conspiracy,84,259,3.84,3.74,,,
The Simpsons: Hit & Run,78,1093,3.79,3.74,Yes,Yes,
.hack//Infection Part 1,,1482,3.78,3.74,Yes,Yes,
PaRappa the Rapper 2,67,302,3.83,3.74,Yes,,
Castlevania: Lament of Innocence,79,1363,3.78,3.73,Yes,Yes,
Ring of Red,82,183,3.85,3.73,,,
Killer7,,290,3.83,3.73,,,Yes
Ape Escape 2,82,506,3.80,3.73,Yes,,
Manhunt,76,911,3.78,3.73,Yes,Yes,
Sega Genesis Collection,82,287,3.82,3.72,,,
WRC: Rally Evolved,80,59,3.92,3.72,,,
Amplitude,86,191,3.83,3.72,,,
The Sims Bustin' Out,81,362,3.80,3.72,,,
Red Faction,88,653,3.78,3.72,,,
War of the Monsters,80,287,3.81,3.72,,,
Legaia 2: Duel Saga,67,665,3.77,3.71,,Yes,
Hitman 2: Silent Assassin,85,533,3.78,3.71,,,
The Incredible Hulk: Ultimate Destruction,83,310,3.80,3.71,,,
TOCA Race Driver 2,83,52,3.92,3.71,,,
Indigo Prophecy,83,655,3.77,3.71,,,
NASCAR Thunder 2004,88,123,3.84,3.71,,,
Rayman 2: Revolution,90,279,3.80,3.70,,,
Tony Hawk's Underground 2,,714,3.76,3.70,Yes,Yes,
Tekken 4,79,1488,3.74,3.70,Yes,,
Silent Hill 4: The Room,76,1876,3.73,3.69,,Yes,
Midnight Club II,85,367,3.77,3.69,,,
WWE SmackDown vs. Raw 2007,80,611,3.75,3.69,,,
Freedom Fighters,81,316,3.77,3.68,,,
Call of Duty 3,82,587,3.74,3.68,,,
TOCA Race Driver 3,82,116,3.81,3.67,,,
MotoGP 3,80,52,3.87,3.66,,,
Red Dead Revolver,73,601,3.72,3.66,Yes,,
NASCAR 2005: Chase for the Cup,87,86,3.82,3.66,,,
SSX,93,369,3.74,3.66,,,
F1 2001,83,77,3.83,3.66,,,
Maximo vs. Army of Zin,83,231,3.75,3.65,,,
Secret Weapons Over Normandy,81,62,3.84,3.65,,,
Wipeout Pulse,82,34,3.89,3.64,,,
Battlefield 2: Modern Combat,80,286,3.73,3.64,,,
Mortal Kombat: Armageddon,,1392,3.68,3.63,Yes,Yes,
Wipeout Fusion,83,172,3.75,3.63,,,
The Lord of the Rings: The Two Towers,82,801,3.68,3.63,Yes,,
Drakengard,63,1012,3.66,3.61,Yes,,
Maximo: Ghosts to Glory,84,399,3.68,3.60,,,
Final Fantasy X-2,85,7048,3.62,3.60,,,
Viewtiful Joe 2,84,224,3.70,3.60,,,
SSX on Tour,80,190,3.70,3.59,,,
Escape from Monkey Island,84,156,3.71,3.59,,,
WWE SmackDown! vs. RAW,80,551,3.65,3.59,,,
Crash Tag Team Racing,,751,3.64,3.58,Yes,,
WRC II Extreme,,52,3.79,3.58,,,
The SpongeBob SquarePants Movie,75,201,3.69,3.58,Yes,,
NASCAR: Dirt to Daytona,84,125,3.69,3.55,,,
Colin McRae Rally 3,86,117,3.66,3.52,,,
Pro Race Driver,81,64,3.71,3.52,,,
Def Jam Vendetta,80,296,3.61,3.51,,,
Ben 10: Protector Of Earth,60,182,3.63,3.51,Yes,,
TimeSplitters,81,575,3.58,3.51,,,
Freekstyle,81,90,3.67,3.51,,,
Dragon Ball Z: Budokai,67,1162,3.55,3.50,Yes,,
Aggressive Inline,85,111,3.64,3.49,,,
Spider-Man,76,602,3.55,3.49,,Yes,
Sonic Heroes,64,1163,3.52,3.48,Yes,,
ATV Offroad Fury 2,82,317,3.55,3.46,,,
Fight Night Round 2,88,106,3.61,3.46,,,
Manhunt 2,67,364,3.54,3.46,,Yes,
NASCAR Thunder 2003,84,86,3.62,3.45,,,
Quake III Revolution,84,136,3.59,3.45,,,
World Rally Championship,80,97,3.60,3.45,,,
Splashdown,84,67,3.63,3.45,,,
The Mark of Kri,80,226,3.55,3.44,,,
Splashdown – Rides Gone Wild,80,71,3.62,3.44,,,
Tiger Woods PGA Tour 2005,88,81,3.61,3.44,,,
Crash Bandicoot: The Wrath of Cortex,66,1335,3.48,3.44,Yes,Yes,
Colin McRae Rally 2005,80,69,3.61,3.43,,,
Colin McRae Rally 04,83,54,3.61,3.41,,,
Rygar: The Legendary Adventure,83,312,3.48,3.39,,,
Red Faction II,84,369,3.47,3.39,,,
ATV Offroad Fury,82,244,3.47,3.37,,,
XG3: Extreme G Racing,81,103,3.51,3.36,,,
MX Unleashed,80,87,3.51,3.35,,,
Star Wars: Starfighter,84,237,3.44,3.34,,,
V-Rally 3,82,71,3.52,3.34,,,
Brothers in Arms: Road to Hill 30,82,130,3.47,3.34,,,
Dave Mirra Freestyle BMX 2,81,105,3.49,3.34,,,
Fight Night Round 3,84,190,3.45,3.33,,,
Frequency,83,155,3.46,3.33,,,
NASCAR Heat 2002,81,44,3.56,3.33,,,
Broken Sword: The Sleeping Dragon,82,87,3.48,3.32,,,
Star Wars: Jedi Starfighter,81,210,3.42,3.31,,,
Tiger Woods PGA Tour 2002,80,25,3.59,3.30,,,
Fight Night 2004,85,77,3.47,3.29,,,
NASCAR Thunder 2002,85,58,3.48,3.28,,,
MDK2: Armageddon,80,91,3.42,3.26,,,
Harry Potter and the Sorcerer's Stone,56,259,3.33,3.24,Yes,,
Tiger Woods PGA Tour 06,83,26,3.52,3.23,,,
Mashed: Drive To Survive,80,19,3.54,3.21,,,
Tiger Woods PGA Tour 2004,89,100,3.37,3.21,,,
Spider-Man 3,50,379,3.29,3.21,,Yes,
EyeToy: Play,80,224,3.27,3.17,,,
Crash of the Titans,70,500,3.22,3.15,Yes,Yes,
Shadow the Hedgehog,45,863,3.20,3.15,Yes,,
World Championship Snooker 2004,,12,3.47,3.08,,,
World of Outlaws: Sprint Cars 2002,80,26,3.30,3.01,,,
Wakeboarding Unleashed Featuring Shaun Murray,83,21,3.32,3.01,,,
World Series of Poker 2008: Battle for the Bracelets,84,12,3.19,2.79,,,
Tiger Woods PGA Tour 2003,88,40,2.95,2.71,,,
